Bobb Air Freight,1
TUIfly (X3),11
12 North,12
Eastern Atlantic Virtual Airlines,13
Air Salone,20
Euro Jet,24
Royal European Airlines,69
Southjet,76
Southjet connect,77
Southjet cargo,78
All Australia,88
Ciao Air,99
Blue Air,0B
Darwin Airline,0D
Global Airlines,0G
All America MX,0M
All America BOPY,0P
Copenhagen Express,0X
All America CO,0Y
Abacus International,1B
OneChina,1C
TransRussiaAirlines,1E
CB Airways UK ( Interliging Flights ),1F
NetJets,1I
BudgetAir,1K
All America CL,1R
1Time Airline,1T
Island Express Air,1X
All America BR,1Y
Deutsche Bahn,2A
Aerocondor,2B
Aero VIP (2D),2D
Frontier Flying Service,2F
Star Peru (2I),2I
Air Burkina,2J
Aerolineas Galapagos (Aerogal),2K
Helvetic Airways,2L
Moldavian Airlines,2M
NextJet,2N
Air Salone,2O
Air Philippines,2P
Air Cargo Carriers,2Q
All America AR,2R
Air Carnival,2S
Haiti Ambassador Airlines,2T
Air Guinee Express,2U
Welcome Air,2W
Regionalia Uruguay,2X
JobAir,3B
Air Choice One,3E
Fly Colombia ( Interliging Flights ),3F
Atlant-Soyuz Airlines,3G
Air Comet Chile,3I
Jetstar Asia Airways,3K
Intersky,3L
Silver Airways (3M),3M
Air Arabia Maroc,3O
Tiara Air,3P
Yunnan Airlines,3Q
Moskovia Airlines,3R
Air Antilles Express,3S
Turan Air,3T
Sichuan Airlines,3U
Malawian Airlines,3W
Air Kiribati,4A
Boutique Air (Priv),4B
Aires,4C
Air Sinai,4D
Gazpromavia,4G
United Airways,4H
Askari Aviation,4K
Euroline,4L
LAN Argentina,4M
Air North Charter - Canada,4N
Interjet (ABC Aerolineas),4O
Business Aviation,4P
Safi Airlines,4Q
Hamburg International,4R
Vuola Italia,4S
Belair Airlines,4T
Germanwings,4U
Red Jet Mexico,4X
Airlink (SAA),4Z
Bassaka airlines,5B
CAL Cargo Air Lines,5C
Aerolitoral,5D
SGA Airlines,5E
Skyservice Airlines,5G
Fly540,5H
Cebu Pacific,5J
Hi Fly (5K),5K
Aerosur,5L
Sibaviatrans,5M
Aeroflot-Nord,5N
Pal airlines,5P
BQB Lineas Aereas,5Q
Canadian North,5T
Astraeus,5W
Atlas Air,5Y
VivaColombia,5Z
Consorcio Aviaxsa,6A
TUIfly Nordic,6B
Vuela Cuba,6C
Pelita,6D
IndiGo Airlines,6E
MAT Airways,6F
Air Wales,6G
Israir,6H
Fly 6ix,6I
Skynet Asia Airways,6J
Asian Spirit,6K
Gryphon Airlines,6P
Alrosa Mirny Air Enterprise,6R
Air Mandalay,6T
Air Cargo Germany,6U
Via Conectia Airlines,6V
Saratov Aviation Division,6W
SmartLynx Airlines,6Y
Krasnojarsky Airlines,7B
Jeju Air,7C
Aeroline GmbH,7E
First Air,7F
Star Flyer,7G
Era Alaska,7H
Insel Air (7I/INC) (Priv),7I
Tajik Air,7J
Kogalymavia Air Company,7K
Sun D'Or,7L
Mongolian International Air Lines ,7M
All Colombia,7O
Metro Batavia,7P
Pan Am World Airways Dominicana,7Q
Svyaz Rossiya,7R
Air Glaciers,7T
Wayraper,7W
Med Airways,7Y
Halcyonair,7Z
Atlas Blue,8A
BusinessAir,8B
Astair,8D
Bering Air,8E
STP Airways,8F
Heli France,8H
Myway Airlines,8I
Jet4You,8J
Voestar,8K
Cargo Plus Aviation,8L
Maxair,8M
Barents AirLink,8N
West Coast Air,8O
Pacific Coastal Airline,8P
Onur Air,8Q
TRIP Linhas A,8R
Air Tindi,8T
Afriqiyah Airways,8U
Astral Aviation,8V
Wizz Air Hungary,8Z
All Africa,9A
China SSS,9C
Pinnacle Airlines,9E
MDLR Airlines,9H
International Europe,9I
Regionalia Chile,9J
Cape Air,9K
Colgan Air,9L
Regional Air Iceland,9N
PB Air,9Q
SATENA,9R
Spring Airlines,9S
Transwest Air,9T
Air Moldova,9U
Volotea Costa Rica,9V
Jet Airways,9W
Regionalia Venezuela,9X
Air Kazakhstan,9Y
Atifly,A1
All America,A2
Aegean Airlines,A3
Southern Winds Airlines,A4
Airlinair,A5
Air Alps Aviation (A6),A6
Air Plus Comet,A7
Georgian Airways,A9
American Airlines,AA
Air Berlin,AB
Air Canada,AC
Azul,AD
Mandarin Airlines,AE
Air France,AF
All America US,AG
Air Algerie,AH
Air India Limited,AI
Aero Contractors,AJ
AirAsia,AK
Skywalk Airlines,AL
AeroM√©xico,AM
Ansett Australia,AN
Avianova (Russia),AO
Air One,AP
Aloha Airlines,AQ
Aerolineas Argentinas,AR
Alaska Airlines,AS
Royal Air Maroc,AT
Austral Lineas Aereas,AU
Avianca - Aerovias Nacionales de Colombia,AV
Asian Wings Airways,AW
Trans States Airlines,AX
Finnair,AY
Alitalia,AZ
Aws express,B0
Baltic Air lines,B1
Belavia Belarusian Airlines,B2
Bellview Airlines,B3
Flyglobespan,B4
Flightline,B5
JetBlue Airways,B6
Uni Air,B7
Eritrean Airlines,B8
Air Bangladesh,B9
British Airways,BA
Seaborne Airlines,BB
Skymark Airlines,BC
bmi,BD
Flybe,BE
Aero-Service,BF
Biman Bangladesh Airlines,BG
Hawkair,BH
Royal Brunei Airlines,BI
Nouvel Air Tunisie,BJ
Potomac Air,BK
Jetstar Pacific,BL
Air Sicilia,BM
Horizon Airlines,BN
Air Botswana,BP
Buquebus L√≠neas A√©reas,BQ
EVA Air,BR
British International Helicopters,BS
Air Baltic,BT
Baikotovitchestrian Airlines ,BU
Blue Panorama Airlines,BV
Caribbean Airlines,BW
Air Busan,BX
Thomsonfly,BY
Black Stallion Airways,BZ
Centralwings,C0
CanXpress,C1
CanXplorer,C2
Contact Air,C3
LionXpress,C4
CommutAir,C5
Sky Wing Pacific,C7
Cirrus Airlines,C9
Air China,CA
CCML Airlines,CB
Air Atlanta Icelandic,CC
Air India Regional,CD
Nationwide Airlines,CE
City Airline,CF
Airlines PNG,CG
Bemidji Airlines,CH
China Airlines,CI
BA CityFlyer,CJ
Lufthansa CityLine,CL
Copa Airlines,CM
Canadian National Airways,CN
Continental Airlines,CO
Canadian Airlines,CP
SOCHI AIR,CQ
Continental Micronesia,CS
Alitalia Cityliner,CT
Cubana de Aviaci√≥n,CU
Air Chathams,CV
Air Marshall Islands,CW
Cathay Pacific,CX
Cyprus Airways,CY
China Southern Airlines,CZ
Domenican Airlines,D1
Severstal Air Company,D2
Daallo Airlines,D3
Interair South Africa,D6
AirAsia X,D7
Djibouti Airlines,D8
Aeroflot-Don,D9
Dana Air,DA
Brit Air,DB
Golden Air,DC
Nok Air,DD
Condor Flugdienst,DE
Michael Airlines,DF
South East Asian Airlines,DG
Dennis Sky,DH
dba,DI
Eastland Air,DK
Delta Air Lines,DL
Maersk,DM
Senegal Airlines,DN
Dominicana de Aviaci,DO
First Choice Airways,DP
Coastal Air,DQ
Air Mediterranee,DR
EasyJet (DS),DS
TAAG Angola Airlines,DT
Norwegian Long Haul AS,DU
Scat Air,DV
DAT Danish Air Transport,DX
Norwegian Air Shuttle,DY
Starline.kz,DZ
Usa Sky Cargo,E1
Eagle Atlantic Airlines,E2
Domodedovo Airlines,E3
Elysian Airlines,E4
Air Arabia Egypt,E5
City Airways,E8
Compagnie Africaine d\\'Aviation,E9
European Air Express,EA
Avialeasing Aviation Company,EC
Airblue,ED
Nordica,EE
Far Eastern Air Transport,EF
Japan Asia Airways,EG
Aer Lingus,EI
New England Airlines,EJ
Emirates,EK
Air Nippon,EL
Aero Benin,EM
Air Dolomiti,EN
Express One International,EO
Iran Aseman Airlines,EP
TAME,EQ
Fly Europa,ER
EuropeSky,ES
Ethiopian Airlines,ET
Empresa Ecuatoriana De Aviacion,EU
Atlantic Southeast Airlines,EV
Eurowings,EW
Europe Jet,EX
Etihad Airways,EY
Evergreen International Airlines,EZ
Fly Brasil,F1
Fly One,F5
Flybaboo,F7
Air2there,F8
Frontier Airlines,F9
Epic Holiday,FA
Bulgaria Air,FB
Finncomm Airlines,FC
Thai AirAsia,FD
Fly France,FF
Ariana Afghan Airlines,FG
FlyHigh Airlines Ireland (FH),FH
Icelandair,FI
Air Pacific,FJ
Africa West,FK
AirTran Airways,FL
Shanghai Airlines,FM
Regional Airlines,FN
Airlines Of Tasmania,FO
Freedom Air,FP
Thomas Cook Airlines,FQ
Ryanair,FR
Servicios de Transportes A,FS
Siem Reap Airways,FT
Felix Airways,FU
Rossiya-Russian Airlines,FV
Ibex Airlines,FW
FOX Linhas Aereas,FX
Firefly,FY
Fly Dubai,FZ
Ghana International Airlines,G0
Indya Airline Group,G1
City Connexion Airlines,G3
Allegiant Air,G4
Huaxia,G5
Air Volga,G6
GoJet Airlines,G7
Go Air,G8
Air Arabia,G9
Garuda Indonesia,GA
BRAZIL AIR,GB
TransAsia Airways,GE
Gulf Air Bahrain,GF
Air Guyane,GG
Globus,GH
Itek Air,GI
Eurofly Service,GJ
Genesis,GK
Air Greenland,GL
German International Air Lines,GM
GNB Linhas Aereas,GN
Kuzu Airlines Cargo,GO
Gadair European Airlines,GP
Aurigny Air Services,GR
Air Foyle,GS
GB Airways,GT
Aero Flight,GV
Kuban Airlines,GW
GermanXL,GX
Gabon Airlines,GY
Air Rarotonga,GZ
Hankook Air US,H1
Sky Airline,H2
Harbour Air (Priv),H3
I-Fly,H5
Hageland Aviation Services,H6
Eagle Air,H7
Dalavia,H8
PEGASUS AIRLINES-,H9
Hawaiian Airlines,HA
Himalayan Airlines,HC
Hokkaido International Airlines,HD
Luftfahrtgesellschaft Walter,HE
Hapagfly,HF
Niki,HG
Air Hamburg (AHO),HH
Papillon Grand Canyon Helicopters,HI
Yangon Airways,HK
Air Seychelles,HM
Hankook Airline,HN
Juneyao Airlines,HO
America West Airlines,HP
China United Airlines,HR
Hellenic Imperial Airways,HT
Hainan Airlines,HU
Transavia Holland,HV
Hello,HW
Hong Kong Airlines,HX
Uzbekistan Airways,HY
Sat Airlines,HZ
Iberia Express,I2
ATA Airlines (Iran),I3
International AirLink,I4
Indonesia Sky,I5
MexicanaLink,I6
Paramount Airways,I7
IzAvia,I8
Air Italy,I9
Iraqi Airways,IA
Name,IATA
Iberia Airlines,IB
Indian Airlines,IC
Interlink Airlines,ID
Solomon Airlines,IE
Islas Airways,IF
Meridiana,IG
LSM International ,II
Spring Airlines Japan,IJ
Imair Airlines,IK
MAT Macedonian Airlines,IN
Indonesian Airlines,IO
Island Spirit,IP
Augsburg Airways,IQ
Iran Air,IR
Island Airlines,IS
Kingfisher Airlines,IT
Wind Jet,IV
Wings Air,IW
Air India Express,IX
Yemenia,IY
Arkia Israel Airlines,IZ
OneJet,J1
Azerbaijan Airlines,J2
Northwestern Air,J3
ALAK,J4
Alaska Seaplane Service,J5
Denim Air ,J7
Berjaya Air,J8
Jazeera Airways,J9
Air Bosna,JA
Helijet,JB
JAL Express,JC
Japan Air System,JD
Mango,JE
Jetairfly,JF
Jetgo Australia,JG
Fuji Dream Airlines,JH
Midway Airlines,JI
TAM Brazilian Airlines,JJ
Spanair,JK
Japan Airlines,JL
Air Jamaica,JM
Excel Airways,JN
JALways,JO
Adria Airways,JP
Jetstar Airways,JQ
Joy Air,JR
Air Koryo,JS
Lion Mentari Airlines,JT
Air Serbia,JU
Bearskin Lake Air Service,JV
Arrow Air,JW
Jusur airways,JX
Aereonautica militare,JY
Skyways Express,JZ
Kostromskie avialinii,K1
Eurolot,K2
SeaPort Airlines,K5
Cambodia Angkor Air (K6),K6
KoralBlue Airlines,K7
Zambia Skyways,K8
Dragonair,KA
Druk Air,KB
Air Astana,KC
KD Avia,KD
Korean Air,KE
Blue1,KF
Royal Airways,KG
Kharkiv Airlines,KH
Adam Air,KI
British Mediterranean Airways,KJ
Atlasjet,KK
KLM Royal Dutch Airlines,KL
Air Malta,KM
China United,KN
Alaska Central Express,KO
Dense Airways,KP
Kenya Airways,KQ
Comores Airlines,KR
Peninsula Airways,KS
VickJet,KT
Kuwait Airways,KU
Kavminvodyavia,KV
Carnival Air Lines,KW
Cayman Airways,KX
KSY,KY
Dense Connection,KZ
All Argentina,L1
LTU Austria,L3
Luchsh Airlines ,L4
Lufttransport,L5
Mauritania Airlines International,L6
Lugansk Airlines,L7
Line Blue,L8
All Asia,L9
LAN Airlines,LA
Air Costa,LB
Varig Log,LC
Liberty Airways,LE
FlyNordic,LF
Luxair,LG
Lufthansa,LH
Leeward Islands Air Transport,LI
Jin Air,LJ
Air Luxor,LK
Linhas A,LM
Libyan Arab Airlines,LN
LOT Polish Airlines,LO
LAN Peru,LP
LCM AIRLINES,LQ
LACSA,LR
Jet2.com,LS
Air Lituanica,LT
LAN Express,LU
Albanian Airlines,LV
Pacific Wings,LW
Swiss International Air Lines,LX
El Al Israel Airlines,LY
Balkan Bulgarian Airlines,LZ
Maryland Air,M1
MHS Aviation GmbH,M2
ABSA - Aerolinhas Brasileiras,M3
Marysya Airlines,M4
Kenmore Air,M5
MasAir,M7
TransNusa Air,M8
Motor Sich,M9
Mal√©v,MA
MNG Airlines,MB
Air Madagascar,MD
Middle East Airlines,ME
Xiamen Airlines,MF
Malaysia Airlines,MH
SilkAir,MI
L,MJ
Air Mauritius,MK
Maldivo Airlines,ML
Peach Aviation,MM
Comair,MN
Abu Dhabi Amiri Flight,MO
Martinair,MP
American Eagle Airlines,MQ
Homer Air,MR
Egyptair,MS
Thomas Cook Airlines,MT
China Eastern Airlines,MU
Maya Island Air,MW
Mexicana de Aviaci,MX
Midwest Airlines (Egypt),MY
Merpati Nusantara Airlines,MZ
Norte Lineas Aereas,N0
N1,N1
Regionalia M√©xico,N4
Skagway Air Service,N5
All Spain,N7
National Air Cargo,N8
All Europe,N9
Al-Naser Airlines,NA
Sterling Airlines,NB
National Jet Systems,NC
SkyEurope,NE
Air Vanuatu,NF
Lauda Air,NG
All Nippon Airways,NH
Portugalia,NI
Nordic Global Airlines,NJ
Spirit Airlines,NK
Shaheen Air International,NL
Air Madrid,NM
VIM Airlines,NN
Nile Air,NP
Air Japan,NQ
Jettor Airlines,NR
Caucasus Airlines,NS
Binter Canarias,NT
Japan Transocean Air,NU
Northwest Airlines,NW
Air Macau,NX
Air Iceland,NY
Air New Zealand,NZ
Orbit Airlines Azerbaijan,O1
Oceanic Airlines,O2
Oceanair,O6
Ozjet Airlines,O7
Oasis Hong Kong Airlines,O8
Olympic Airlines,OA
Astrakhan Airlines,OB
Catovair,OC
Malindo Air,OD
Air Finland,OF
AirOnix,OG
Comair,OH
Orchid Airlines,OI
Overland Airways,OJ
Czech Airlines,OK
Ostfriesische Lufttransport,OL
MIAT Mongolian Airlines,OM
Nauru Air Corporation,ON
SkyWest,OO
Air Pegasus,OP
Chongqing Airlines,OQ
Arkefly,OR
Austrian Airlines,OS
Aeropelican Air Services,OT
Croatia Airlines,OU
Estonian Air,OV
Orient Thai Airlines,OX
Omni Air International,OY
Asiana Airlines,OZ
Proflight Commuter Services,P0
Patriot Airways,P4
AeroRep,P5
Regional Paraguaya,P7
Air Mekong,P8
Peruvian Airlines,P9
Parmiss Airlines (IPV),PA
Pegasus Airlines,PC
Porter Airlines,PD
Air Europe,PE
Primera Air,PF
Bangkok Airways,PG
Polynesian Airlines,PH
Piedmont Airlines (1948-1989),PI
Air Saint Pierre,PJ
Pakistan International Airlines,PK
Aeroper,PL
Tropic Air,PM
West Air China,PN
FlyPortugal,PO
Air Indus,PP
LSM Airlines,PQ
Philippine Airlines,PR
Ukraine International Airlines,PS
Red Jet Andes,PT
PLUNA,PU
PAN Air,PV
Precision Air,PW
Air Niugini,PX
Surinam Airways,PY
TAM Mercosur,PZ
Maldivian,Q2
SOCHI AIR CHATER,Q3
SOCHI AIR EXPRESS,Q4
40-Mile Air,Q5
Aero Condor Peru,Q6
SkyBahamas Airlines,Q7
Pacific East Asia Cargo Airlines,Q8
Arik Niger,Q9
Click (Mexicana),QA
Georgian National Airlines,QB
Camair-co,QC
Dobrolet,QD
Qantas,QF
Citilink Indonesia,QG
Air Florida,QH
Cimber Air,QI
Jet Airways,QJ
Air Canada Jazz,QK
Aero Lanka,QL
Air Malawi,QM
Origin Pacific Airways,QO
Air Kenya (Priv),QP
Alliance Airlines,QQ
Qatar Airways,QR
Travel Service,QS
TAMPA,QT
East African,QU
Lao Airlines,QV
Blue Wings,QW
Horizon Air,QX
Red Jet Canada,QY
Indonesia AirAsia,QZ
Orenburg Airlines,R2
Aircompany Yakutia,R3
Rossiya,R4
Malta Air Charter,R5
RACSA,R6
Aserca Airlines,R7
AirRussia,R8
Nepal Airlines,RA
Syrian Arab Airlines,RB
Atlantic Airways,RC
Ryan International Airlines,RD
Aer Arann,RE
Florida West International Airways,RF
VRG Linhas Aereas,RG
Republic Express Airlines,RH
Mandala Airlines,RI
Royal Jordanian,RJ
Air Afrique,RK
Royal Falcon,RL
Rainbow Air US,RM
Rainbow Air (RAI),RN
Tarom,RO
Chautauqua Airlines,RP
Kam Air,RQ
REXAIR VIRTUEL,RR
Sky Regional,RS
Real Tonga,RT
Rainbow Air Euro,RU
Caspian Airlines,RV
Republic Airlines,RW
Rainbow Air Polynesia,RX
Rainbow Air Canada,RY
Euro Exec Express,RZ
Spike Airlines,S0
Serbian Airlines,S1
Air Sahara,S2
Santa Barbara Airlines,S3
SATA International,S4
Shuttle America,S5
Salmon Air,S6
S7 Airlines,S7
Snowbird Airlines,S8
Starbow Airlines,S9
South African Airways,SA
Air Caledonie International,SB
Shandong Airlines,SC
Sudan Airways,SD
XL Airways France,SE
Spicejet,SG
Sharp Airlines,SH
Skynet Airlines,SI
Sriwijaya Air,SJ
Scandinavian Airlines System,SK
Thai Lion Air,SL
Spirit of Manila Airlines,SM
Brussels Airlines,SN
Salsa d\\'Haiti,SO
SATA Air Acores,SP
Singapore Airlines,SQ
Swissair,SR
Corsairfly,SS
Germania,ST
Aeroflot Russian Airlines,SU
Saudi Arabian Airlines,SV
Air Namibia,SW
SkyWork Airlines ,SX
Sun Country Airlines,SY
Salzburg arrows,SZ
TACA Peru,T0
Thai Air Cargo,T2
Eastern Airways,T3
Hellas Jet,T4
Turkmenistan Airlines,T5
Trans Pas Air,T6
Twin Jet,T7
Grupo TACA,TA
TrasBrasil,TB
Air Tanzania,TC
Atlantis European Airways,TD
FlyLal,TE
Malm√∂ Aviation,TF
Thai Airways International,TG
TransBrasil Airlines,TH
TransHolding,TI
T.J. Air,TJ
Turkish Airlines,TK
Airnorth,TL
Air Mozambique,TM
Air Tahiti Nui,TN
Transavia France,TO
TAP Portugal,TP
Texas Wings,TQ
Tiger Airways,TR
Air Transat,TS
Tiger Airways Australia,TT
Tunisair,TU
Virgin Express,TV
Tway Airlines,TW
Air Cara√Øbes,TX
Iberworld,TY
Scoot,TZ
Aviabus,U1
easyJet,U2
Avies,U3
PMTair,U4
USA3000 Airlines,U5
Ural Airlines,U6
Northern Dene Airways,U7
Armavia,U8
Tatarstan Airlines,U9
United Airlines,UA
Myanma Airways,UB
Hex'Air,UD
Nasair,UE
UM Airlines,UF
Tuninter,UG
US Helicopter Corporation,UH
Eurocypria Airlines,UI
AlMasria Universal Airlines,UJ
Air Vistara,UK
SriLankan Airlines,UL
Air Zimbabwe,UM
Transaero Airlines,UN
Hong Kong Express Airways,UO
Bahamasair,UP
Skyjet Airlines,UQ
UTair-Express,UR
US Airways,US
UTair Aviation,UT
Air Austral,UU
UVT Aero,UW
Air Europa,UX
El-Buraq Air Transport,UZ
Conviasa,V0
VIA L√≠neas A√©reas,V1
Vision Airlines (V2),V2
Carpatair,V3
Danube Wings (V5),V5
VIP Ecuador,V6
VOLOTEA Airways,V7
ATRAN Cargo Airlines,V8
Star1 Airlines,V9
Virgin Australia,VA
Strategic Airlines,VC
Air Libert,VD
Volare Airlines,VE
Valuair,VF
VLM Airlines,VG
Virgin Pacific,VH
Volga-Dnepr Airlines,VI
Royal Air Cambodge,VJ
Virgin Nigeria Airways,VK
Air VIA,VL
Vietnam Airlines,VN
Tyrolean Airways,VO
VASP,VP
Viking Hellas,VQ
TACV,VR
Virgin Atlantic Airways,VS
Air Tahiti,VT
Air Ivoire,VU
Aerosvit Airlines,VV
Aeromar,VW
Virgin America,VX
Formosa Airlines,VY
MyTravel Airways,VZ
World Experience Airline,W1
Maastricht Airlines,W2
World Scale Airlines,W3
AeroWorld ,W4
Mahan Air,W5
Wizz Air,W6
Austral Brasil,W7
Air Bagan,W9
KLM Cityhopper,WA
Rwandair Express,WB
Islena De Inversiones,WC
Amsterdam Airlines,WD
Thai Smile Airways,WE
Wider√∏e,WF
Sunwing,WG
China Northwest Airlines (WH),WH
WebJet Linhas A,WJ
Edelweiss Air,WK
Windward Islands Airways,WM
Southwest Airlines,WN
World Airways,WO
Island Air (WP),WP
PanAm World Airways,WQ
WestJet Encore,WR
WestJet,WS
Wizz Air Ukraine,WU
Swe Fly,WV
bmibaby,WW
CityJet,WX
Oman Air,WY
Red Wings,WZ
TUIfly,X3
Fly Romania,X5
XAIR USA,XA
NEXT Brasil,XB
ExpressJet,XE
Vladivostok Air,XF
Calima Aviacion,XG
Mesaba Airlines,XJ
Corse-Mediterranee,XK
Aerolane,XL
Alitalia Express,XM
Xpressair,XN
LTE International Airways,XO
XPTO,XP
SunExpress,XQ
Skywest Australia,XR
Air Exel,XT
BVI Airways,XV
Sky Express,XW
Greenfly,XX
Nas Air,XY
Congo Express,XZ
Yellowstone Club Private Shuttle,Y1
Volaris,Y4
Asia Wings,Y5
NordStar Airlines,Y7
Marusya Airways,Y8
Kish Air,Y9
Ciel Canadien,YC
Gomelavia,YD
Yellowtail,YE
Yangon Airways Ltd.,YH
Cyprus Turkish Airlines,YK
Yamal Airlines,YL
Montenegro Airlines,YM
TransHolding System,YO
Polet Airlines (Priv),YQ
SENIC AIRLINES,YR
R√©gional,YS
Yeti Airways,YT
Mesa Airlines,YV
Air Nostrum,YW
Midwest Airlines,YX
Virginwings,YY
LSM AIRLINES ,YZ
All Argentina Express,Z0
Zest Air,Z2
Avient Aviation,Z3
Zoom Airlines,Z4
INAVIA Internacional,Z5
ZABAIKAL AIRLINES,Z6
REDjet,Z7
Amaszonas,Z8
Flightlink Tanzania,Z9
Access Air,ZA
Air Bourbon,ZB
Korongo Airlines,ZC
Eastar Jet,ZE
Athens Airways,ZF
Viva Macau,ZG
Shenzhen Airlines,ZH
Aigle Azur,ZI
Zambezi Airlines (ZMA),ZJ
Great Lakes Airlines,ZK
Regional Express,ZL
Apache Air,ZM
Zenith International Airline,ZN
Zabaykalskii Airlines,ZP
Locair,ZQ
Sama Airlines,ZS
Tomp Airlines,ZT
V Air,ZV
Air Wisconsin,ZW
Japan Regio,ZX
Ada Air,ZY
Zz,ZZ